model,fid_mean,fid_std,kid_mean,kid_std
Diffusion,106.89353434244792,2.272456398341212,0.06666960815588634,0.006102165672928095
