model,fid_mean,fid_std,kid_mean,kid_std
Diffusion,155.25016276041666,2.1574428194853446,0.1406914840141932,0.012251548158625761
