model,fid_mean,fid_std,kid_mean,kid_std
Diffusion,193.53655497233072,2.531440361287967,0.15388611455758414,0.014086901831130186
