model,fid_mean,fid_std,kid_mean,kid_std
StyleGAN,139.2337849934896,2.7071983108252415,0.0515119805932045,0.007791744700322549
