model,fid_mean,fid_std,kid_mean,kid_std
DCGAN,118.82427978515625,1.4031270935557203,0.09040034065643947,0.008584332652390003
