model,fid_mean,fid_std,kid_mean,kid_std
DCGAN,60.02252070109049,0.6351887397770848,0.025075238818923633,0.004620299208909273
