model,fid_mean,fid_std,kid_mean,kid_std
Diffusion,187.81410217285156,1.6191628544799603,0.1699724942445755,0.013076843693852425
