model,fid_mean,fid_std,kid_mean,kid_std
DCGAN,72.16095225016277,1.0082561752901888,0.03568719203273455,0.005587974563241005
