model,fid_mean,fid_std,kid_mean,kid_std
DCGAN,103.39098612467448,0.9308111931670422,0.06785546739896138,0.007722222401450078
