model,fid_mean,fid_std,kid_mean,kid_std
VAE,245.22246805826822,2.1203281432323156,0.23610961437225342,0.010897009943922361
