model,fid_mean,fid_std,kid_mean,kid_std
VAE,187.85826110839844,1.4860048760789855,0.16675017774105072,0.007613716336588065
