model,fid_mean,fid_std,kid_mean,kid_std
Diffusion,108.74863179524739,2.1799064897125757,0.06855922689040501,0.006146857825418313
