model,fid_mean,fid_std,kid_mean,kid_std
VAE,185.26104736328125,0.5923690832091788,0.17209125061829886,0.0076560879436631995
