model,fid_mean,fid_std,kid_mean,kid_std
Diffusion,242.13675435384116,0.25859627120215795,0.2710916797320048,0.015729779998461407
