model,fid_mean,fid_std,kid_mean,kid_std
Diffusion,32.17462921142578,0.41221684996551355,0.016898674331605433,0.0036819039611145853
