model,fid_mean,fid_std,kid_mean,kid_std
Diffusion,78.28265380859375,0.7565499116208385,0.04921045278509458,0.006150256687154372
