model,fid_mean,fid_std,kid_mean,kid_std
DiffusionEMA,28.965912055969238,0.378562383728271,0.014389776159077883,0.0035038105212152003
