model,fid_mean,fid_std,kid_mean,kid_std
DCGAN,91.7824223836263,1.3436815174033188,0.055959469328324,0.007258106023073196
