model,fid_mean,fid_std,kid_mean,kid_std
DCGAN,128.63785044352213,0.9713473243662549,0.09088956067959468,0.00801240730409821
