model,fid_mean,fid_std,kid_mean,kid_std
DCGAN,100.36920166015625,2.623579239539991,0.06588509927193324,0.008373869583010674
