model,fid_mean,fid_std,kid_mean,kid_std
DCGAN,104.7612787882487,0.9825097182533743,0.0724752073486646,0.007345530204474926
