model,fid_mean,fid_std,kid_mean,kid_std
VAE,241.0613759358724,2.069529420127346,0.23010583221912384,0.009999963454902172
