model,fid_mean,fid_std,kid_mean,kid_std
VAE,262.29137166341144,3.0198036813998623,0.26115963856379193,0.011561381941040358
