model,fid_mean,fid_std,kid_mean,kid_std
VAE,240.91685485839844,2.009945221043051,0.2326610485712687,0.00970038523276647
