model,fid_mean,fid_std,kid_mean,kid_std
Diffusion,264.8871561686198,3.547246906950067,0.23639285067717233,0.02502934696773688
