model,fid_mean,fid_std,kid_mean,kid_std
DCGAN,286.5752665201823,1.7669367245303573,0.25171488523483276,0.010040822749336561
