model,fid_mean,fid_std,kid_mean,kid_std
DCGAN,86.74212392171223,1.3842443156736062,0.0525630588332812,0.006834873308738072
