model,fid_mean,fid_std,kid_mean,kid_std
Diffusion,107.31738789876302,2.3295793224702037,0.08283600956201553,0.008568437459568182
