model,fid_mean,fid_std,kid_mean,kid_std
VAE,210.69841512044272,2.000369264661334,0.18907472491264343,0.008127478106568256
