model,fid_mean,fid_std,kid_mean,kid_std
DCGAN,71.16910044352214,1.182144650869771,0.03437658026814461,0.004949049558490515
