model,fid_mean,fid_std,kid_mean,kid_std
Diffusion,293.8638916015625,1.5535575318225523,0.2748173971970876,0.015735955598453682
