model,fid_mean,fid_std,kid_mean,kid_std
DCGAN,28.12000980377197,0.5908911529317986,0.010589663404971361,0.0031269803177565334
