model,fid_mean,fid_std,kid_mean,kid_std
Diffusion,107.18589274088542,2.2016438854951654,0.06702053546905518,0.006125499494373798
