model,fid_mean,fid_std,kid_mean,kid_std
VAE,456.5512186686198,1.2882275599506439,0.44138996799786884,0.009938597368697325
