model,fid_mean,fid_std,kid_mean,kid_std
StyleGAN,113.2219721476237,1.5058664071763352,0.042267635464668274,0.006073502047608296
