model,fid_mean,fid_std,kid_mean,kid_std
VAE,148.49073181152343,0.8063725982533085,0.16019278168678283,0.008791310712695122
