model,fid_mean,fid_std,kid_mean,kid_std
DCGAN,148.45995585123697,1.252189295216073,0.12506072968244553,0.010791818921764692
