model,fid_mean,fid_std,kid_mean,kid_std
StyleGAN,155.14349365234375,0.9662969491991734,0.06794266651074092,0.008058231634398302
