model,fid_mean,fid_std,kid_mean,kid_std
VAE,224.95492553710938,1.1406336578139629,0.21486549079418182,0.009416963284214338
