model,fid_mean,fid_std,kid_mean,kid_std
DCGAN,125.24733479817708,1.8070702807873436,0.08910772949457169,0.008878082657853762
