model,fid_mean,fid_std,kid_mean,kid_std
VAE,207.35523478190103,2.011013101118556,0.18498102823893228,0.008308975026011467
