model,fid_mean,fid_std,kid_mean,kid_std
DCGAN,139.30554707845053,2.1130792874120936,0.1130531703432401,0.010527891106903553
