model,fid_mean,fid_std,kid_mean,kid_std
Diffusion,218.34659322102866,2.456040584592395,0.21074955662091574,0.01173846609890461
