model,fid_mean,fid_std,kid_mean,kid_std
Diffusion,292.2295430501302,1.627199498224567,0.32094626625378925,0.015328006818890572
