model,fid_mean,fid_std,kid_mean,kid_std
Diffusion,469.0858459472656,3.7453125628753985,0.5444771846135458,0.04722451294461886
