model,fid_mean,fid_std,kid_mean,kid_std
VAE,356.25718180338544,3.349446255215685,0.37296149134635925,0.018194107959667843
