model,fid_mean,fid_std,kid_mean,kid_std
DCGAN,128.45378875732422,2.2775144734975274,0.09728647271792094,0.009287184725205103
