model,fid_mean,fid_std,kid_mean,kid_std
VAE,241.5766855875651,1.9798680834631937,0.23095399141311646,0.009973226115107536
