model,fid_mean,fid_std,kid_mean,kid_std
Diffusion,467.26649983723956,3.912740205674488,0.541158119837443,0.047202261785666146
