model,fid_mean,fid_std,kid_mean,kid_std
VAE,296.54529825846356,2.5747684632436503,0.31100548307100934,0.011899090682466825
