model,fid_mean,fid_std,kid_mean,kid_std
Diffusion,579.2312215169271,2.4467741471129743,0.6979086597760519,0.045378134896357857
