model,fid_mean,fid_std,kid_mean,kid_std
DCGAN,112.60912577311198,1.4072627110095695,0.08256899317105611,0.0090075908228755
