model,fid_mean,fid_std,kid_mean,kid_std
DCGAN,116.03970845540364,1.5816885480150733,0.08122904847065608,0.008610387953619162
