model,fid_mean,fid_std,kid_mean,kid_std
VAE,443.7322692871094,1.9569064836267556,0.5266894300778707,0.01898644429941972
