model,fid_mean,fid_std,kid_mean,kid_std
StyleGAN,125.64694213867188,2.4950401638827686,0.055289984991153084,0.006129561923444271
