model,fid_mean,fid_std,kid_mean,kid_std
Diffusion,128.97789255777994,1.277178329265323,0.10638949026664098,0.009704286853472391
