model,fid_mean,fid_std,kid_mean,kid_std
StyleGAN,131.66698710123697,1.0414994554871162,0.04621873050928116,0.005737221334129572
