model,fid_mean,fid_std,kid_mean,kid_std
Diffusion,100.20909118652344,2.0441908245510327,0.07337129612763722,0.0075857338185111685
