model,fid_mean,fid_std,kid_mean,kid_std
DCGAN,103.57821909586589,1.7402910142374777,0.06756269186735153,0.008178087882697582
