model,fid_mean,fid_std,kid_mean,kid_std
Diffusion,203.4590810139974,1.6693457569065702,0.2099221001068751,0.0147793081899484
