model,fid_mean,fid_std,kid_mean,kid_std
DCGAN,74.29298400878906,1.1961911968663437,0.03853923330704371,0.005718405668934186
