model,fid_mean,fid_std,kid_mean,kid_std
VAE,223.22777303059897,1.9300140353753636,0.2059104988972346,0.008952105728288492
