model,fid_mean,fid_std,kid_mean,kid_std
cDCGAN,134.63523864746094,1.540869055118577,0.10504575073719025,0.0099542619039615
