model,fid_mean,fid_std,kid_mean,kid_std
VAE,234.07523600260416,1.4753741584436921,0.22262688477834067,0.010341828068097433
