model,fid_mean,fid_std,kid_mean,kid_std
VAE,205.10789489746094,0.7456328510451711,0.19998464981714884,0.008957085510094961
