model,fid_mean,fid_std,kid_mean,kid_std
Diffusion,420.12384033203125,3.352656194420629,0.45856142044067383,0.04434339702129364
