model,fid_mean,fid_std,kid_mean,kid_std
DCGAN,115.68379720052083,1.4186102026948597,0.07894060512383778,0.0075835684935251875
