model,fid_mean,fid_std,kid_mean,kid_std
DCGAN,134.32188415527344,3.0231011713262017,0.10588422417640686,0.009305538920064768
