model,fid_mean,fid_std,kid_mean,kid_std
VAE,232.85682678222656,2.6372273119218623,0.2201297531525294,0.00986423995345831
