model,fid_mean,fid_std,kid_mean,kid_std
DCGAN,128.9779281616211,2.283044969899747,0.09981953104337056,0.009734200003246466
