model,fid_mean,fid_std,kid_mean,kid_std
Diffusion,288.18995157877606,1.4141958681227038,0.2673754890759786,0.014785174590845903
