model,fid_mean,fid_std,kid_mean,kid_std
VAE,311.07313028971356,1.5518615885478866,0.3260599573453267,0.013873242773115635
