model,fid_mean,fid_std,kid_mean,kid_std
VAE,336.76255289713544,1.5346601658422239,0.3596470057964325,0.01305910882850488
