model,fid_mean,fid_std,kid_mean,kid_std
VAE,231.90362040201822,2.634609868712013,0.22269285718599954,0.009630405344069004
