model,fid_mean,fid_std,kid_mean,kid_std
DCGAN,109.00814310709636,1.0489487319922863,0.06521755208571751,0.005904201107720534
