model,fid_mean,fid_std,kid_mean,kid_std
DCGAN,128.2916488647461,1.6074064626834548,0.09467425445715587,0.00877006103595098
