model,fid_mean,fid_std,kid_mean,kid_std
Diffusion,65.72763061523438,0.5169520391481582,0.0353332944214344,0.0051829673660298186
