model,fid_mean,fid_std,kid_mean,kid_std
Diffusion,113.75875854492188,1.5724781437335684,0.09300459673007329,0.008660713210701942
