model,fid_mean,fid_std,kid_mean,kid_std
Diffusion,156.0874226888021,0.41793825662448886,0.1494509975115458,0.010839972024162611
