model,fid_mean,fid_std,kid_mean,kid_std
Diffusion,314.8050231933594,0.66711532206449,0.29304274916648865,0.017631585399309795
