model,fid_mean,fid_std,kid_mean,kid_std
DCGAN,155.50255330403647,2.462863770159191,0.10410464803377788,0.00691769706706206
