model,fid_mean,fid_std,kid_mean,kid_std
DiffusionEMA,48.72149124145508,0.7071726251100184,0.035931095480918884,0.006085494998842478
