model,fid_mean,fid_std,kid_mean,kid_std
VAE,316.29090372721356,1.4598064099131884,0.3310742974281311,0.014267150623102983
